{
    "en": 4.118724018101505,
    "fr": 4.005512462639387,
    "ital": 3.9455749374147286,
    "espa": 3.9688806221404334
}